<Updates>
 <ApplicationName>{AnyApplication}</ApplicationName>
 <ApplicationVersion>1.0.0</ApplicationVersion>
 <Checksum>true</Checksum>
 <PackageUpdate>
  <Name>main</Name>
  <DisplayName>Main</DisplayName>
  <Description>Test main component A</Description>
  <Version>1.0.1-1</Version>
  <ReleaseDate>2019-04-27</ReleaseDate>
  <Default>true</Default>
  <UpdateFile OS="Any" CompressedSize="6371292" UncompressedSize="20472965"/>
  <DownloadableArchives>iconengines.7z,platforms.7z,SavedData.7z,SavedImage.7z,styles.7z,content.7z</DownloadableArchives>
  <SHA1>457c6095fb5fc7b08d9246e8cd89ca940674ff73</SHA1>
 </PackageUpdate>
</Updates>
