<Updates>
 <ApplicationName>{AnyApplication}</ApplicationName>
 <ApplicationVersion>1.0.0</ApplicationVersion>
 <Checksum>true</Checksum>
 <PackageUpdate>
  <Name>A</Name>
  <DisplayName>A</DisplayName>
  <Description>Example component A</Description>
  <Version>1.0.2-1</Version>
  <ReleaseDate>2015-01-01</ReleaseDate>
  <Default>true</Default>
  <UpdateFile CompressedSize="224" UncompressedSize="74" OS="Any"/>
  <DownloadableArchives>content.7z</DownloadableArchives>
  <SHA1>f8f147a4f511e7168bbd0a4f84cfee9f72059cc1</SHA1>
 </PackageUpdate>
 <PackageUpdate>
  <Name>B</Name>
  <DisplayName>B</DisplayName>
  <Description>Example component B</Description>
  <Version>1.0.0-1</Version>
  <ReleaseDate>2015-01-01</ReleaseDate>
  <Default>true</Default>
  <UpdateFile CompressedSize="224" UncompressedSize="74" OS="Any"/>
  <DownloadableArchives>content.7z</DownloadableArchives>
  <SHA1>fda058d731e231466e0b07bb71c1a01ab8d29c8d</SHA1>
 </PackageUpdate>
</Updates>
